#mut,pm+,pm-,pim,pdm,msc,col
0.00025,0.01,0.99,0.0,0.0,1,m
0.00025,0.01,0.99,1.0,0.0,100,r
